,S001,S005,S008,S009,S010,S011,S013,S018,S019,S021,S023,S024,S025,S026,S027,S028,S029,S033,S034,S037,S044,S046,S049,S064,S065,S066,S069,S070,S072,S081,S082,S083,S084,S086,S090,S094,S098,S100,S107
Candidatus Nitrososphaera gargensis,0,5,10,5,20,30,0,98,54,15,25,0,64,0,30,10,0,0,0,0,0,5,0,0,0,0,0,0,0,0,0,0,5,0,0,0,5,0,5
Candidatus Nitrosocosmicus oleophilus,0,0,5,0,34,20,0,89,69,5,25,0,49,0,20,10,0,0,10,0,0,0,0,0,0,0,0,0,0,0,0,0,0,0,0,0,0,0,15
Candidatus Nitrososphaera evergladensis,0,0,0,0,0,15,0,59,39,0,20,0,5,0,10,5,0,0,0,0,0,0,5,0,0,5,0,0,0,0,0,5,5,0,0,0,0,0,0
Candidatus Nitrosocosmicus franklandus,0,0,10,0,0,0,0,49,20,0,20,0,34,0,5,10,0,0,0,0,0,0,0,0,0,0,0,0,0,0,0,0,0,0,0,0,0,0,15
Halapricum desulfuricans,0,10,10,0,0,10,0,0,5,0,10,5,0,0,5,0,5,0,0,0,0,20,15,0,5,5,0,5,5,5,0,5,5,5,0,0,10,0,0
Halobaculum sp. DT31,0,10,0,5,20,0,0,10,5,0,5,5,0,0,5,0,0,0,0,0,0,0,5,0,0,5,0,0,0,0,5,0,0,5,0,5,15,0,5
Salinigranum rubrum,0,5,5,0,0,0,0,10,5,0,0,0,0,0,10,5,0,10,15,0,0,0,10,0,5,0,5,5,0,0,0,0,5,0,0,10,0,5,0
Halovivax cerinus,0,0,5,0,20,5,15,0,5,0,0,0,0,0,5,0,0,10,0,5,0,5,5,0,0,0,5,5,0,0,0,0,0,0,0,0,5,5,0
Halomarina sp. PSR21,0,0,10,5,20,5,0,0,0,0,0,0,0,0,0,5,0,10,0,5,0,0,10,0,0,5,0,5,0,0,5,0,5,0,0,0,5,5,5
Halobaculum salinum,0,10,5,0,0,5,0,0,10,0,0,0,5,0,0,0,5,0,15,0,0,0,5,0,5,0,5,5,0,5,5,0,0,0,0,5,0,5,10
Haloplanus aerogenes,25,5,0,5,0,5,0,10,0,0,0,0,0,0,5,0,0,25,10,0,0,0,0,0,0,5,0,0,0,0,0,0,0,0,0,0,0,5,0
Haloglomus sp. DT116,0,0,0,0,20,5,0,0,5,0,0,0,5,5,0,0,0,10,0,5,0,0,0,0,0,5,0,10,0,5,5,5,5,0,0,5,0,5,0
Natrinema sp. SYSU A 869,0,0,5,0,0,0,0,0,0,0,0,0,0,0,0,0,5,0,0,5,10,0,0,10,5,0,5,5,5,0,0,5,5,5,0,0,5,0,0
Halomicrobium salinisoli,0,5,0,0,0,5,0,0,10,0,0,0,0,0,10,0,0,0,0,0,25,5,5,0,0,0,5,5,5,0,0,0,5,0,0,5,0,5,0
Halorubrum sp. CBA1229,0,0,0,0,0,5,0,10,10,0,0,0,0,0,5,5,0,0,15,5,0,0,0,0,0,0,0,5,0,0,10,0,0,5,0,5,0,5,0
Candidatus Nitrosocosmicus hydrocola,0,0,0,0,0,0,0,49,20,0,10,0,0,0,5,0,0,0,0,0,0,0,0,0,0,0,0,0,0,0,0,0,0,0,0,0,0,0,5
Halovivax sp. WLHSJ27,0,0,0,0,0,5,0,10,5,0,20,0,5,0,5,5,0,0,0,5,0,0,0,0,0,5,0,0,0,0,5,0,5,0,0,0,5,10,0
Halobaculum sp. SYNS20,0,0,0,0,20,5,0,0,5,0,10,0,5,0,5,5,0,0,0,0,0,5,5,5,0,5,0,0,0,0,5,5,0,0,0,0,5,0,0
Halobaculum halophilum,0,0,0,0,0,0,15,0,0,5,0,0,0,5,10,5,0,10,0,10,0,0,0,0,0,5,0,0,0,5,0,0,0,0,0,0,5,10,0
Halorientalis marina,0,15,5,5,0,5,0,0,0,0,0,0,0,5,0,0,0,0,0,0,0,5,5,0,5,5,5,5,5,0,0,0,5,0,0,0,10,5,0
Halosolutus halophilus,0,0,0,0,0,0,0,10,10,0,0,0,0,0,5,5,0,20,0,5,0,0,0,5,5,0,0,5,0,0,5,0,0,0,0,0,0,5,5
Halomarina sp. BND7,0,0,5,0,0,0,15,0,10,0,5,0,0,0,5,0,0,0,0,0,0,0,10,0,5,5,0,0,0,0,0,5,5,0,5,0,5,5,0
Natronomonas salina,0,0,0,0,0,5,0,0,10,0,0,0,0,0,10,5,0,0,10,5,0,0,5,5,5,0,0,0,0,5,5,0,5,0,0,0,0,5,0
Halarchaeum sp. CBA1220,0,0,5,0,0,5,0,0,5,0,0,0,5,0,0,0,0,10,10,0,10,0,0,0,0,5,0,5,0,0,5,5,5,0,0,0,0,0,0
Halosimplex sp. XZYJT29,25,5,10,0,0,5,0,0,0,0,5,0,0,0,5,0,0,0,10,0,0,0,0,0,0,5,0,0,5,0,0,0,5,0,0,0,0,0,0
Halorussus sp. XZYJT10,0,0,0,0,0,10,0,0,5,0,10,0,0,0,0,10,0,0,10,0,0,0,0,0,0,5,0,5,0,0,5,0,0,0,0,5,5,0,5
Natribaculum sp. AD-4,0,5,5,0,0,5,0,0,0,0,0,0,0,0,10,5,0,10,0,0,0,0,0,0,0,0,0,5,5,0,5,0,0,0,5,0,5,5,5
Halobiforma lacisalsi,0,5,5,0,20,0,0,0,0,0,0,0,0,0,5,5,0,0,10,0,0,0,5,0,0,0,0,5,0,5,5,0,0,0,0,0,5,0,0
Haloterrigena alkaliphila,0,15,10,0,0,5,0,0,5,0,0,0,0,0,5,5,0,0,0,5,0,0,5,0,5,0,0,0,0,5,0,0,5,0,0,0,0,5,0
Halosiccatus urmianus,0,0,0,0,0,5,0,10,5,0,0,0,0,5,0,5,0,0,0,10,0,0,0,0,0,0,0,0,0,0,5,0,5,0,0,5,5,5,5
Natrarchaeobaculum aegyptiacum,0,0,5,0,0,5,0,0,0,0,5,0,0,0,10,5,0,10,0,5,0,5,0,5,0,0,0,0,5,0,0,0,0,0,0,0,0,5,5
Natronococcus occultus,0,0,0,5,0,5,0,0,0,0,5,0,0,5,10,0,0,0,10,5,0,0,0,0,5,0,5,0,5,5,0,0,0,0,0,0,0,0,0
Halolamina sp. CBA1230,0,5,0,0,0,0,0,0,0,0,0,0,5,0,5,5,0,10,10,0,0,0,0,0,0,0,0,0,5,0,5,5,5,0,0,0,5,0,5
Haloplanus rubicundus,0,10,0,0,0,5,0,0,0,0,0,0,0,0,0,5,0,10,0,5,0,0,0,0,5,0,0,5,0,0,0,0,10,0,0,5,5,0,5
Halorubrum ezzemoulense,0,0,5,0,0,0,0,0,5,5,10,0,0,5,10,0,0,0,0,0,0,5,5,5,0,0,0,0,5,0,0,0,5,0,0,5,0,0,0
Halosegnis sp. ZY10,0,0,0,0,0,10,0,0,0,0,0,0,0,5,0,5,0,0,0,5,0,0,0,5,5,5,0,0,5,0,0,0,0,0,0,10,0,5,0
Natronomonas sp. ZY43,0,10,5,0,0,5,0,0,0,0,0,0,0,0,0,0,0,0,0,0,0,5,5,0,5,0,5,5,0,0,0,0,5,0,0,0,5,0,5
Halalkalicoccus jeotgali,0,0,5,0,0,0,0,0,5,0,0,0,0,0,5,5,5,10,0,5,0,0,0,5,0,0,0,5,5,5,0,5,0,0,0,0,0,5,0
Halobacterium sp. Gai3-17,0,0,0,0,0,0,0,0,0,5,0,0,0,0,0,5,0,10,10,5,0,0,5,0,0,5,0,5,0,5,0,0,0,0,0,0,0,10,5
Methanofollis formosanus,0,5,0,0,20,0,0,0,0,0,0,0,0,0,0,0,0,0,0,0,0,5,0,5,5,0,0,0,0,0,5,0,0,0,0,10,5,5,0
Methanofollis liminatans,0,5,0,0,0,0,15,10,0,0,0,0,5,0,0,0,0,10,0,0,10,0,0,0,0,0,0,0,0,0,0,0,0,0,0,0,0,5,5
Halorubrum sp. 1-13-28,0,0,5,5,20,0,0,0,5,0,0,0,0,0,5,0,0,0,10,0,0,0,0,0,0,0,0,0,0,0,0,0,5,0,0,0,0,5,5
Halobaculum sp. DT92,0,0,0,0,0,5,0,0,10,0,0,0,0,0,5,0,0,0,0,5,0,0,0,0,0,5,0,0,5,0,5,0,0,0,0,0,10,5,5
Halosimplex pelagicum,0,10,0,0,0,5,0,0,10,0,5,0,0,0,0,0,0,0,0,0,10,0,0,0,0,0,0,5,0,0,5,0,5,0,5,0,0,5,0
Halorussus sp. XZYJ18,0,0,0,0,20,0,0,0,10,0,0,5,5,0,5,0,0,0,0,0,0,0,0,0,0,0,0,0,0,0,5,0,5,0,0,0,5,0,5
Halomarina sp. BCD28,0,0,0,0,0,5,15,0,0,0,5,0,0,0,0,5,0,0,0,0,10,0,0,0,0,5,5,0,0,0,5,0,0,0,0,0,0,5,0
Halosolutus gelatinilyticus,0,0,0,0,0,0,0,10,5,0,5,0,0,0,5,0,0,0,0,0,0,0,5,5,5,0,0,0,0,5,0,5,5,0,0,0,5,0,5
Natronobiforma sp. CGA73,0,0,0,0,0,5,0,0,0,0,5,0,0,5,5,5,0,0,0,0,0,5,0,5,5,0,5,0,0,0,5,5,0,0,0,0,5,5,0
Natrinema caseinilyticum,0,0,0,0,20,5,0,0,0,0,0,0,0,0,0,5,0,0,0,5,0,0,0,0,5,5,0,0,0,0,0,0,5,0,0,5,5,5,0
Nitrosopumilus zosterae,0,0,0,0,0,0,0,10,10,0,5,0,10,0,0,0,0,0,0,10,0,0,0,0,0,0,0,0,0,0,0,10,0,0,0,0,0,0,5
Saliphagus sp. WLHS1,0,0,0,0,20,5,0,10,5,5,0,0,0,0,5,0,0,0,0,0,0,0,5,0,0,0,0,0,0,0,0,0,0,0,0,5,0,0,0
Halorubrum sp. BOL3-1,0,10,0,0,0,5,0,10,10,0,0,0,0,0,0,0,0,0,0,0,0,5,5,0,0,0,0,0,0,0,5,0,0,5,0,0,5,0,0
Halobaculum sp. DT55,0,5,0,0,0,5,0,0,0,0,0,0,0,0,0,0,5,0,0,5,0,0,0,5,5,0,0,0,0,5,0,0,5,0,0,0,10,5,0
Halomicroarcula sp. GDY20,0,5,10,0,0,5,0,0,10,0,0,0,0,0,5,0,10,0,0,0,0,0,0,0,0,5,0,0,0,0,0,0,0,0,0,0,0,5,5
Halosimplex rubrum,0,0,0,0,0,5,0,10,0,0,0,0,0,0,0,0,5,0,0,5,0,0,0,0,5,0,0,5,0,0,5,0,10,5,0,0,0,5,0
Halorussus sp. DT80,25,0,5,0,0,0,0,0,10,0,10,0,0,0,0,0,0,0,0,0,0,0,0,0,5,0,0,0,0,0,0,0,0,0,0,0,0,0,5
Halopiger xanaduensis,0,0,5,0,0,5,0,0,0,0,10,0,0,0,0,5,0,0,0,0,0,0,0,0,0,5,5,5,0,0,5,0,5,0,0,5,0,5,0
Natrinema sp. DC36,0,0,0,0,0,5,0,0,0,0,0,0,0,0,10,0,0,10,0,0,0,5,0,0,0,0,0,5,5,0,0,0,0,5,0,0,0,10,5
Halorubrum salinarum,0,0,0,0,0,15,0,0,0,5,5,0,5,0,5,5,5,0,0,0,0,0,5,0,0,0,0,0,0,0,0,0,5,0,0,0,5,0,0
Haloglomus sp. ZY41,0,5,0,0,0,5,0,0,0,0,0,0,0,0,5,5,10,0,0,0,0,0,0,0,0,0,0,5,0,0,5,0,0,0,0,5,5,5,5
Halomicroarcula sp. YJ-61-S,0,5,0,0,0,10,0,0,0,5,0,0,0,0,0,5,0,0,0,5,0,0,0,0,5,0,0,0,5,5,5,5,0,0,0,0,0,5,0
Halorussus halophilus,0,0,10,0,0,5,0,0,10,5,5,0,0,0,0,0,0,0,0,0,0,0,0,0,5,0,0,0,0,0,5,0,5,0,0,0,5,5,0
Halorussus sp. YCN54,0,5,10,0,20,0,0,0,0,0,0,0,0,0,5,0,0,0,0,5,0,0,0,5,0,0,0,0,0,0,0,0,5,0,0,0,0,0,5
Natribaculum sp. CGA3,0,15,0,0,0,5,0,0,5,0,0,0,0,0,5,0,5,0,0,5,0,0,0,0,0,0,0,5,0,0,5,0,5,0,0,0,0,5,0
Nitrosarchaeum sp. AC2,0,0,5,0,0,0,0,0,30,0,5,0,0,0,5,0,0,0,0,0,0,0,0,0,0,0,0,0,0,0,0,5,0,0,0,0,0,0,5
Halorubrum lacusprofundi,0,0,5,0,0,5,0,0,0,0,5,0,0,0,5,5,0,10,0,0,0,0,0,5,0,0,0,0,0,0,5,5,0,0,0,5,0,0,0
Halococcoides cellulosivorans,0,5,0,0,20,0,0,0,0,0,0,0,0,0,0,0,5,10,0,0,0,5,0,0,0,5,0,0,0,0,0,0,0,0,0,0,0,5,0
Nitrosopumilus sp. K4,0,0,0,0,0,5,0,10,5,0,5,0,5,0,5,0,0,0,0,0,0,0,0,0,0,0,0,0,0,0,0,10,5,0,0,0,0,0,5
Natribaculum luteum,0,0,5,0,0,0,0,0,0,0,0,0,0,0,5,5,5,0,0,0,0,10,0,0,0,0,5,0,0,0,5,0,0,5,0,0,0,5,5
Halovivax limisalsi,0,0,0,0,0,5,0,15,5,0,0,0,0,0,5,0,0,0,0,0,0,0,0,0,0,0,5,0,0,0,0,0,5,0,0,0,10,0,5
Halohasta litchfieldiae,0,0,0,0,20,5,0,0,5,0,0,0,0,5,0,0,0,0,0,0,0,0,0,5,0,5,0,0,0,0,0,0,0,0,0,0,5,0,5
Halopenitus persicus,0,0,0,0,0,0,0,0,0,5,5,0,0,0,5,0,0,10,0,0,0,0,5,0,0,0,0,5,0,0,0,0,0,0,0,10,0,5,5
Halobaculum rubrum,0,0,5,0,0,5,0,10,0,5,5,0,0,0,10,0,0,0,0,0,0,5,0,0,0,0,0,0,0,0,0,0,5,0,0,0,0,5,0
Haloprofundus salilacus,0,10,0,0,0,5,0,0,0,0,5,0,0,5,5,5,0,0,0,0,0,0,0,5,0,0,0,0,0,0,0,5,0,0,0,0,0,0,5
Haloplanus sp. GDY1,0,5,10,5,0,0,0,0,0,0,10,0,0,0,5,0,0,0,0,5,0,0,0,0,0,0,0,0,0,0,0,0,0,0,0,5,5,5,0
Halosegnis sp. DT85,0,5,0,0,0,0,0,10,0,0,0,0,5,0,0,10,5,0,0,0,0,0,0,0,0,0,0,5,0,0,0,0,0,5,0,0,0,0,5
Halomicroarcula marina,0,0,0,0,0,0,0,10,5,0,0,0,0,0,10,0,0,0,0,0,0,0,15,0,0,0,0,5,0,0,0,0,0,0,0,0,0,5,5
Halanaeroarchaeum sulfurireducens,0,5,0,0,20,0,0,0,5,0,0,0,5,0,5,0,5,0,0,5,0,0,0,0,5,0,0,0,0,0,0,0,0,0,0,0,0,0,0
Haloglomus sp. ZY58,0,5,0,0,0,5,0,10,0,0,0,0,0,0,0,0,0,0,0,0,0,0,5,0,0,0,0,5,0,0,5,5,5,0,0,0,5,5,0
Haladaptatus salinisoli,0,0,5,0,0,5,0,0,5,0,10,0,0,0,0,0,5,0,0,0,0,0,0,0,0,5,0,0,0,0,0,0,0,5,0,10,0,5,0
Candidatus Nitrosomarinus catalina,0,0,0,5,0,0,0,0,20,0,0,0,10,0,10,0,0,0,0,5,0,0,0,0,0,0,0,0,0,0,0,0,0,0,0,0,0,0,0
Methanocella paludicola,0,0,0,0,0,0,0,0,0,5,0,0,0,0,0,0,0,0,10,5,0,0,0,0,0,0,0,0,0,0,5,0,5,10,0,0,0,5,0
Natrinema pellirubrum,0,5,5,0,0,5,0,0,0,0,0,0,0,5,5,0,0,0,0,0,0,0,0,0,0,0,0,5,5,0,0,0,0,0,0,0,10,5,0
Halostagnicola larsenii,0,0,0,0,20,0,0,0,5,0,0,0,5,0,0,0,0,0,10,0,0,0,0,0,0,0,0,0,0,0,0,0,5,0,0,0,0,5,0
Natrinema sp. J7-2,0,0,0,5,0,0,0,0,5,0,0,0,5,0,0,0,0,0,0,0,0,0,5,0,0,0,5,0,0,0,0,0,5,10,0,0,5,0,5
Natrialba magadii,0,0,10,0,0,5,0,0,0,0,0,0,15,0,5,0,0,0,0,0,0,0,5,0,0,0,0,0,5,0,0,0,0,0,0,0,0,5,0
Halobaculum sp. CBA1158,0,0,5,5,0,0,0,0,0,0,0,0,0,0,5,5,0,0,0,10,0,0,0,0,0,0,0,0,5,0,0,0,0,5,0,5,0,5,0
Halobellus limi,0,5,0,0,0,15,0,0,0,0,0,0,0,0,0,5,0,0,10,0,0,0,5,0,0,0,0,5,0,0,0,0,0,0,0,0,5,0,0
Haloferax larsenii,0,5,0,0,0,5,0,10,0,0,0,0,0,0,0,0,0,0,0,5,0,0,5,5,0,5,0,5,0,0,0,0,5,0,0,0,0,0,0
Halomicroarcula sp. SYNS111,0,0,5,0,0,5,15,0,0,0,0,0,0,0,0,0,0,0,0,0,0,0,0,0,0,0,0,0,5,0,5,5,5,0,0,0,0,5,0
Halovivax sp. CGA30,0,0,5,0,0,5,0,0,5,0,0,0,0,5,0,0,0,0,10,0,0,0,0,5,0,0,0,0,5,0,0,0,0,0,0,0,5,5,0
Halapricum salinum,0,5,5,0,0,0,0,0,5,0,0,0,0,0,0,0,0,0,0,10,0,0,0,0,0,5,0,0,0,5,0,0,5,0,0,0,5,0,0
Halovivax sp. AGai3-5,0,0,0,0,0,5,0,0,0,0,0,0,0,0,0,5,0,0,0,0,0,5,0,0,0,0,0,0,5,5,0,0,0,0,0,0,5,10,0
Candidatus Nitrosopumilus sediminis,0,0,0,0,0,5,0,15,5,0,0,0,0,0,0,0,0,0,0,15,0,0,0,0,0,0,0,0,0,0,5,0,0,0,0,0,0,0,0
Haloterrigena turkmenica,0,0,5,0,0,0,0,0,0,0,0,0,0,0,10,0,5,0,0,0,0,5,5,5,0,5,0,5,0,0,0,0,0,0,0,0,0,0,0
Halobaculum roseum,0,0,0,0,0,5,0,0,0,0,0,0,0,0,5,0,0,0,0,5,0,0,0,5,5,0,0,0,0,0,10,0,5,0,0,0,0,5,0
Halobaculum magnesiiphilum,0,0,0,0,0,5,0,10,0,0,0,0,5,0,0,5,0,10,0,0,0,0,5,0,0,0,0,0,0,0,0,0,5,0,0,0,0,0,0
Halorientalis sp. IM1011,0,0,0,0,0,5,0,0,0,0,0,0,0,0,0,0,0,0,10,0,0,0,5,0,5,0,0,5,0,5,0,0,0,0,0,0,0,5,0
Halorussus sp. DT72,0,5,5,0,0,0,0,0,0,0,0,0,0,0,0,0,0,0,0,5,0,5,0,5,0,0,0,0,5,0,5,5,5,0,0,0,0,0,0
Haloterrigena salifodinae,0,0,0,0,0,0,0,0,0,0,0,0,0,0,0,5,0,0,10,10,0,0,5,5,0,0,0,0,0,0,5,0,0,0,0,0,0,5,0
Natrinema zhouii,0,0,0,0,0,0,0,0,0,0,5,0,10,0,5,0,0,0,0,0,0,5,0,5,0,0,0,0,0,0,5,0,0,0,0,0,5,5,0
Halobacterium sp. XZYJT26,0,0,0,0,0,0,0,15,5,0,5,0,0,0,5,0,0,0,0,0,0,0,0,0,0,0,0,5,0,0,0,0,0,0,0,0,0,5,5
Halobacterium noricense,0,5,5,0,0,0,0,0,10,0,0,0,0,0,5,0,0,0,0,5,0,0,0,0,0,5,0,0,0,0,0,0,5,0,0,0,0,5,0
Methanoculleus chikugoensis,0,0,5,0,0,0,0,0,0,0,0,0,5,0,0,0,5,0,0,5,0,0,0,0,0,5,0,0,0,0,0,0,5,5,0,5,0,0,0
Natronorubrum daqingense,0,0,0,0,0,0,0,0,5,5,0,0,0,0,0,0,0,0,0,5,0,0,0,5,0,0,0,0,0,0,5,0,0,0,0,0,5,5,5
Natrinema salinisoli,0,0,10,0,0,0,0,0,0,0,0,0,0,0,0,5,0,0,0,0,0,0,5,0,0,0,0,10,0,0,5,0,0,0,0,0,0,5,0
Natrinema versiforme,0,0,5,0,0,0,0,0,0,0,10,0,0,0,5,0,0,0,0,0,0,0,0,0,5,0,0,0,0,0,5,0,5,0,0,0,0,5,0
Haloprofundus halobius,0,5,0,0,0,0,0,0,0,0,0,0,0,0,5,0,0,0,0,0,10,0,0,0,0,0,0,0,0,0,0,0,5,5,0,0,0,5,5
Salinarchaeum sp. Harcht-Bsk1,0,0,5,0,0,5,0,0,5,0,0,0,0,0,5,5,0,0,0,5,0,0,0,0,0,5,0,0,0,0,0,5,0,0,0,0,0,0,0
Halococcus dombrowskii,0,0,0,5,0,0,0,0,5,0,5,0,0,0,0,0,0,0,0,0,0,0,0,5,0,5,0,0,0,0,0,0,5,5,0,0,0,5,0
Halosimplex litoreum,0,5,0,0,0,0,0,0,0,0,0,0,0,0,5,0,0,0,0,10,0,0,0,5,0,0,5,0,0,0,0,0,5,0,0,0,0,0,5
Halodesulfurarchaeum formicicum,0,0,0,5,0,0,0,0,0,0,0,0,5,0,0,0,0,0,0,0,0,0,0,0,0,0,0,5,0,0,10,0,5,0,0,0,5,0,0
Salarchaeum sp. JOR-1,0,0,0,0,0,5,0,0,10,0,0,0,5,0,0,0,0,0,0,5,0,0,0,0,0,0,0,0,0,0,0,0,0,0,0,0,10,5,0
Salarchaeum japonicum,0,5,5,0,0,5,0,0,5,0,0,0,0,0,0,0,5,0,0,5,0,0,0,0,0,0,0,0,0,0,0,0,5,0,0,0,0,5,0
Halorussus sp. XZYJT49,0,0,0,0,0,0,0,0,5,0,5,0,0,0,5,0,5,0,0,0,0,0,0,0,0,0,0,0,5,0,0,0,0,5,0,0,0,5,5
Halorussus sp. XZYJT40,0,0,0,0,0,0,0,0,0,0,10,0,0,0,5,0,0,0,0,0,0,5,0,5,0,0,0,0,0,0,5,0,0,0,0,0,5,0,0
Sulfuracidifex tepidarius,0,0,0,0,0,0,0,10,10,0,5,0,5,0,5,0,0,0,0,5,0,0,0,0,0,0,0,0,0,0,0,0,0,0,0,0,0,0,0
Natronococcus sp. CG52,0,0,0,0,0,5,0,0,0,0,5,0,0,0,5,0,0,0,0,0,0,0,10,0,0,0,0,0,0,0,0,5,0,0,0,0,0,5,5
Haladaptatus pallidirubidus,0,5,0,0,0,5,0,0,10,0,0,0,0,0,0,0,0,0,0,0,10,0,0,0,0,0,0,0,0,0,0,0,5,0,0,0,5,0,0
Methanofollis aquaemaris,0,0,0,0,0,5,0,0,10,5,0,0,0,0,0,0,0,0,0,0,0,0,0,0,0,0,0,0,0,0,5,0,0,5,0,0,0,0,0
Natrinema marinum,0,5,0,0,0,0,0,0,5,0,0,0,0,0,5,5,0,0,0,0,0,0,0,0,0,0,0,0,0,0,5,0,0,0,0,0,5,5,0
Natrinema gelatinilyticum,0,0,5,0,0,0,15,0,5,0,0,0,0,0,5,0,0,0,0,0,0,0,0,0,0,0,0,0,0,0,0,0,0,0,0,0,0,5,0
Natronobacterium gregoryi,0,0,0,5,0,5,0,0,5,0,0,0,0,0,5,0,0,0,0,0,0,0,5,0,0,0,0,5,0,0,0,0,0,0,0,0,5,0,0
Halorubrum sp. 2020YC2,0,0,0,0,20,0,0,0,0,0,0,0,0,0,0,0,0,0,0,0,0,5,0,5,0,0,0,0,0,0,5,0,0,0,0,0,0,0,0
Halobaculum sp. YSMS11,0,0,5,0,0,0,0,10,0,0,0,0,0,0,0,0,0,0,0,5,0,0,0,0,0,0,5,0,0,0,0,0,0,5,0,5,0,0,0
Haloprofundus sp. MHR1,0,5,0,0,0,0,0,0,0,0,0,0,0,0,0,0,0,0,0,0,0,0,0,0,5,5,0,0,0,0,5,0,5,0,0,0,0,5,5
Haloplanus sp. HW8-1,0,0,0,0,0,5,0,0,0,0,0,0,0,0,0,0,0,0,0,5,0,0,5,5,0,0,5,0,0,0,5,0,0,0,0,0,0,5,0
Salinarchaeum laminariae,0,5,5,0,0,0,0,0,0,0,0,0,0,0,0,0,0,0,0,5,0,0,5,0,0,0,0,0,0,0,0,5,0,0,0,5,0,0,5
Halomicroarcula sp. ZS-22-S1,0,0,0,0,0,5,0,0,0,0,0,0,5,0,0,5,0,0,0,0,0,0,0,0,0,0,0,0,0,0,0,0,5,0,0,10,0,5,0
Halomicroarcula sp. XH51,0,0,0,0,20,0,0,0,0,0,0,0,0,0,0,5,0,0,0,0,0,0,0,0,0,0,0,0,5,0,5,0,0,0,0,0,0,0,0
Halomicroarcula sp. DFY41,0,5,0,0,0,0,0,0,0,0,5,0,0,0,5,0,5,0,0,0,0,0,0,0,0,0,5,0,0,0,0,0,0,5,0,0,0,0,5
Halocatena salina,0,0,0,0,0,0,0,0,0,0,0,0,5,0,0,0,0,10,0,0,0,0,0,5,5,5,0,0,0,0,0,0,0,0,0,0,0,0,0
Halobacterium litoreum,0,0,5,5,0,0,0,0,5,0,0,0,0,5,0,0,0,0,0,0,0,0,0,0,0,0,0,0,0,0,5,0,0,5,0,0,0,0,5
Halobacterium hubeiense,0,5,0,0,0,5,0,0,0,0,0,0,5,0,0,5,0,0,0,5,0,0,0,0,0,0,0,0,0,0,0,0,0,0,0,0,0,5,5
Nitrosopumilus oxyclinae,0,0,0,0,0,0,0,0,10,0,5,0,5,0,0,0,0,0,0,0,0,0,0,0,0,0,0,0,5,0,0,5,0,0,0,0,0,0,0
Nitrosopumilus adriaticus,0,0,0,0,0,5,0,0,0,0,0,0,0,0,5,0,0,0,0,5,0,0,0,0,0,0,0,0,0,0,5,5,0,0,0,0,0,0,5
Methanothrix harundinacea,0,0,0,0,0,0,0,0,0,0,0,0,0,0,5,0,0,0,0,0,0,0,0,0,5,0,0,0,0,0,5,5,0,5,0,0,0,5,0
Methanoculleus bourgensis,0,0,0,0,0,0,0,0,0,0,0,0,5,0,5,0,0,0,0,5,0,0,0,0,0,0,0,0,0,0,5,0,5,0,0,0,0,5,0
Natronorubrum bangense,0,5,0,0,0,0,0,0,5,0,0,0,0,0,0,0,0,0,0,0,0,0,5,0,0,0,0,5,0,0,0,0,5,0,0,0,0,5,0
Halalkaliarchaeum sp. AArc-CO,0,0,0,0,0,0,0,0,0,0,0,0,0,0,0,0,0,0,0,5,0,0,0,0,0,0,0,0,0,0,0,0,0,5,0,0,5,5,5
Halorubrum ruber,0,0,0,0,0,0,0,0,5,0,0,0,5,0,5,0,0,0,0,0,0,0,0,0,0,0,0,0,0,0,5,0,0,0,0,0,0,0,5
Haloprofundus salinisoli,0,0,0,0,0,0,0,0,10,0,0,0,0,5,5,5,0,0,0,0,0,0,0,0,0,0,0,0,0,0,0,0,0,0,0,0,0,0,5
Halobellus ramosii,0,0,0,0,0,5,0,0,0,0,0,0,5,0,0,0,5,0,0,0,0,0,0,0,0,5,0,0,0,0,0,0,0,0,0,0,5,0,5
Haloferax gibbonsii,0,0,0,5,0,0,0,0,0,0,0,0,5,0,5,0,0,0,0,0,0,0,5,0,0,0,0,0,0,5,5,0,0,0,0,0,0,0,0
Halorhabdus sp. CBA1104,0,5,5,0,0,0,0,0,5,0,0,0,0,0,0,0,0,0,0,0,0,0,0,0,0,0,0,0,5,0,5,0,0,0,0,0,0,5,0
Nitrososphaera viennensis,0,0,0,0,0,0,0,0,0,5,0,0,0,0,5,0,0,0,0,0,0,0,0,0,0,0,0,0,0,0,5,0,0,0,0,0,0,5,5
Nitrosopumilus piranensis,0,0,0,0,0,0,0,10,5,0,0,0,0,0,10,0,0,0,0,0,0,0,0,0,0,0,0,0,0,0,0,0,0,0,0,0,0,0,0
Candidatus Nitrosopumilus koreensis,0,0,0,0,0,0,0,0,5,0,0,0,0,0,0,5,0,0,0,10,0,0,0,0,0,0,0,0,0,0,0,0,0,0,0,0,0,0,5
Nitrosopumilus ureiphilus,0,0,0,0,0,0,0,0,5,0,5,0,5,0,0,0,0,0,0,5,0,0,0,0,0,0,0,0,0,0,0,5,0,0,0,0,0,0,0
Methanocella arvoryzae,0,0,5,0,0,0,0,0,0,0,0,0,0,0,0,0,0,0,0,0,0,0,0,5,0,5,0,5,0,0,5,0,0,0,0,0,0,0,0
Methanosarcina sp. MTP4,0,0,0,0,0,0,0,0,5,0,5,0,0,0,0,0,0,0,0,0,0,0,0,0,5,0,5,0,5,0,0,0,0,0,0,0,0,0,0
Methanoregula boonei,0,0,5,0,0,0,0,0,0,0,0,0,0,0,0,0,0,10,0,0,0,0,0,0,0,0,0,0,0,0,5,0,0,0,0,0,0,5,0
Natrarchaeobaculum sulfurireducens,0,5,5,0,0,5,0,0,0,0,5,0,0,0,0,0,0,0,0,0,0,0,0,0,0,0,0,0,5,0,0,0,0,0,0,0,0,0,0
Saliphagus sp. WLHSJ1,0,0,0,5,0,0,0,0,0,0,5,0,0,0,5,0,0,0,0,0,0,0,0,0,0,0,0,0,5,0,5,0,0,0,0,0,0,0,0
Natrinema longum,0,0,0,0,0,5,0,0,0,0,0,0,0,0,5,5,0,0,0,0,0,0,5,0,0,0,0,0,0,0,0,0,0,5,0,0,0,0,0
Halalkaliarchaeum desulfuricum,0,0,0,0,0,5,0,0,0,0,0,0,0,0,0,0,0,0,0,0,0,0,0,0,0,0,0,5,5,0,0,0,0,0,0,0,0,5,5
Salinigranum sp. XZGYJ-43,0,0,0,0,0,0,0,0,0,0,0,0,0,0,0,0,0,0,0,5,0,0,0,0,0,5,0,0,5,0,0,0,0,0,0,0,5,5,0
Natranaeroarchaeum sulfidigenes,0,0,0,0,0,5,0,0,0,0,0,0,0,0,5,0,0,0,0,0,10,0,0,0,0,5,0,0,0,0,0,0,0,0,0,0,0,0,0
Halorientalis litorea,0,0,0,0,0,0,0,0,5,0,0,0,0,0,0,5,0,0,0,0,0,0,0,5,0,0,0,5,0,0,0,0,5,0,0,0,0,0,0
Natronomonas gomsonensis,0,0,0,0,0,5,0,0,0,5,0,0,0,0,5,0,0,0,0,0,0,5,0,0,0,0,0,0,0,0,0,0,0,0,0,0,0,5,0
Natronomonas moolapensis,0,0,0,0,0,0,0,0,0,0,0,0,0,0,0,0,0,0,0,0,0,0,10,0,0,0,0,0,0,0,5,5,0,0,0,5,0,0,0
Natronomonas pharaonis,0,0,0,0,0,5,0,0,0,0,0,0,0,0,5,0,0,0,0,5,0,0,5,0,0,0,0,0,0,0,5,0,0,0,0,0,0,0,0
Haloarcula sinaiiensis,0,0,0,0,20,0,0,0,0,0,0,0,0,0,0,0,0,0,0,0,0,0,5,0,0,0,0,0,0,0,0,0,0,0,0,0,0,0,0
Haladaptatus halobius,0,0,0,0,0,5,0,0,5,0,0,0,0,0,0,0,0,0,0,0,0,0,0,0,0,0,0,0,5,0,0,0,5,0,0,0,0,0,5
Thermococcus pacificus,25,0,0,0,0,0,0,0,0,0,0,0,0,0,0,0,0,0,0,0,0,0,0,0,0,0,0,0,0,0,0,0,0,0,0,0,0,0,0
Candidatus Methanomethylophilus alvus,0,0,0,0,0,5,0,0,0,0,0,0,0,0,0,0,0,0,0,5,0,0,0,0,0,0,0,0,0,0,5,0,0,0,0,5,0,0,0
Candidatus Nitrosopumilus sp. SW,0,0,0,0,0,0,0,0,10,0,0,0,0,0,5,0,0,0,0,0,0,0,0,0,0,0,0,0,0,0,0,5,0,0,0,0,0,0,0
Nitrosopumilus cobalaminigenes,0,0,0,0,0,0,0,0,0,0,5,0,5,0,0,0,0,0,0,5,0,0,0,0,0,0,0,0,0,0,0,5,0,0,0,0,0,0,0
Thermofilum adornatum,0,0,0,0,0,0,0,0,0,5,0,0,0,0,0,0,0,0,0,0,0,5,0,5,0,0,0,0,0,0,0,0,5,0,0,0,0,0,0
Methanosphaerula palustris,0,0,5,0,0,5,0,0,0,0,0,0,0,0,5,0,0,0,0,0,0,0,0,0,0,0,0,0,0,0,0,0,0,0,0,0,0,0,0
Halovivax ruber,0,0,0,0,0,5,0,0,0,0,0,0,0,0,0,0,5,0,0,0,0,0,0,0,0,0,0,0,0,0,5,0,0,0,0,0,0,0,5
Natronorubrum aibiense,0,5,0,0,0,0,0,0,0,0,0,0,0,0,0,0,0,0,0,0,0,0,0,0,0,0,0,0,0,0,0,0,0,5,0,0,5,0,5
Natrinema halophilum,0,0,0,0,0,0,0,0,5,0,0,0,0,0,0,0,0,0,0,0,0,0,0,0,0,0,0,0,0,0,0,0,5,5,0,5,0,0,0
Halorubrum sp. PV6,0,0,0,0,0,0,0,0,0,0,0,0,0,0,5,0,0,0,0,0,0,5,0,0,0,0,0,0,0,0,0,0,5,0,0,0,0,5,0
Halogeometricum borinquense,0,0,5,0,0,5,0,0,0,0,0,0,0,0,0,0,0,0,0,0,0,0,0,0,0,0,0,5,0,0,0,0,5,0,0,0,0,0,0
Haloferax alexandrinus,0,0,0,0,0,0,0,0,0,0,0,0,0,0,0,0,0,0,10,0,0,0,0,0,0,0,0,0,0,0,5,0,5,0,0,0,0,0,0
Haloferax mediterranei,0,0,0,0,0,5,0,0,0,0,0,0,0,0,0,0,0,0,0,0,0,0,5,0,0,0,0,0,0,5,0,0,0,0,0,5,0,0,0
Halomicroarcula sp. SHR3,0,0,0,0,0,5,0,0,0,0,0,0,5,0,0,5,0,0,0,0,0,0,0,0,0,0,0,0,0,0,0,0,0,0,0,0,0,0,5
Halomicrobium sp. LC1Hm,0,0,0,0,0,5,0,0,0,0,0,0,0,0,0,0,0,0,10,5,0,0,0,0,0,0,0,0,0,0,0,0,0,0,0,0,0,0,0
Natronomonas halophila,0,0,0,0,0,0,0,0,5,0,0,0,0,0,0,0,0,0,0,0,0,0,0,0,0,0,0,0,0,0,0,0,5,0,0,0,5,5,0
Halanaeroarchaeum sp. HSR-CO,0,0,5,0,0,0,0,0,0,0,0,0,0,0,0,0,0,0,0,0,0,5,0,0,0,0,0,0,0,0,0,0,0,0,0,0,0,5,0
Haladaptatus sp. ZJ1,0,0,0,0,0,0,0,0,5,0,0,0,0,0,0,0,0,0,0,0,0,0,5,0,0,0,0,0,0,0,0,0,5,5,0,0,0,0,0
Geoglobus ahangari,0,0,5,0,0,0,0,0,0,0,0,0,0,0,0,0,0,0,0,5,0,0,0,0,0,0,0,0,0,0,0,0,5,0,0,0,0,0,5
Thermococcus sp. 813A4,0,0,0,0,0,0,0,0,0,0,5,0,0,0,0,0,0,0,0,0,10,0,0,0,0,0,0,0,5,0,0,0,0,0,0,0,0,0,0
Conexivisphaera calida,0,0,0,0,0,0,0,0,0,0,0,0,0,0,0,0,0,0,0,0,0,0,0,0,0,5,0,0,0,0,5,0,0,0,0,0,0,0,5
Nitrosopumilus maritimus,0,0,0,0,0,0,0,0,0,0,0,0,0,0,5,0,0,0,0,10,0,0,0,0,0,0,0,0,0,0,0,0,0,0,0,0,0,0,0
Acidilobus sp. 7A,0,0,0,0,0,0,15,0,0,0,0,0,0,0,0,0,0,0,0,0,0,0,0,0,0,0,0,0,0,0,0,0,0,0,0,0,0,0,0
Sulfodiicoccus acidiphilus,0,0,0,0,0,0,0,0,0,0,0,0,0,0,0,0,0,0,0,0,10,0,5,0,0,0,0,0,0,0,0,0,0,0,0,0,0,0,0
Sulfurisphaera ohwakuensis,0,0,0,0,0,0,0,10,5,0,0,0,0,0,0,0,0,0,0,0,0,0,0,0,0,0,0,0,0,0,0,0,0,0,0,0,0,0,0
Pyrobaculum neutrophilum,0,0,0,0,0,0,0,0,5,0,0,0,0,0,0,0,0,0,0,0,0,0,0,0,0,0,0,0,0,0,0,0,0,0,0,0,0,5,5
Methanosarcina barkeri,0,0,0,0,0,0,0,0,0,0,0,0,0,5,0,0,0,0,0,0,0,0,0,0,0,0,0,0,0,0,0,0,0,0,0,0,5,0,5
Methanogenium sp. S4BF,0,0,0,0,0,5,0,0,0,0,0,0,0,0,0,0,0,0,0,0,0,0,0,0,0,0,0,0,0,0,0,0,5,0,0,0,0,5,0
Halovivax sp. TS33,0,0,0,0,0,0,0,0,0,0,0,0,0,0,5,0,0,0,10,0,0,0,0,0,0,0,0,0,0,0,0,0,0,0,0,0,0,0,0
Halovivax sp. KZCA124,0,0,0,0,0,0,0,0,5,0,0,0,0,0,0,0,0,0,0,5,0,0,0,5,0,0,0,0,0,0,0,0,0,0,0,0,0,0,0
Natrinema pallidum,0,0,0,0,0,5,0,0,0,0,0,0,0,0,0,0,0,0,0,0,0,0,0,0,0,0,0,0,0,0,0,0,0,0,0,0,0,5,0
Halorubrum sp. DM2,0,0,0,0,0,0,0,0,0,0,0,0,0,0,5,0,0,0,0,0,0,0,0,0,0,0,0,0,0,0,0,0,0,0,0,0,5,5,0
Halorubrum trapanicum,0,0,0,0,0,0,0,0,5,0,0,0,0,0,0,0,0,0,0,0,0,0,0,0,0,0,0,0,0,0,0,0,5,0,0,0,0,0,0
Halococcus qingdaonensis,0,0,0,0,0,0,0,0,5,0,5,0,0,0,0,0,0,0,0,0,0,0,0,0,0,0,0,0,0,0,5,0,0,0,0,0,0,0,0
Halorhabdus sp. BNX81,0,0,0,0,0,5,0,0,0,0,0,0,0,0,5,0,0,0,0,0,0,0,0,0,0,0,0,0,0,0,0,0,0,0,0,0,0,5,0
Halovenus salina,0,0,0,0,0,0,0,0,0,0,0,0,5,0,0,0,0,0,0,0,0,0,0,0,0,0,0,0,0,0,5,0,0,0,0,0,0,5,0
Methanobacterium formicicum,0,0,0,0,0,0,0,10,5,0,0,0,0,0,0,0,0,0,0,0,0,0,0,0,0,0,0,0,0,0,0,0,0,0,0,0,0,0,0
Thermococcus sp. AM4,0,0,0,0,0,0,0,0,5,0,5,0,0,0,0,0,0,0,0,0,0,0,0,0,0,0,0,0,0,0,0,0,0,0,0,5,0,0,0
Candidatus Nanohalobium constans,0,0,0,0,0,0,0,0,0,0,0,0,0,0,5,0,0,0,0,0,0,0,0,0,0,0,0,0,0,0,5,0,0,0,0,0,0,0,0
Acidilobus saccharovorans,0,0,0,0,0,0,0,0,0,0,0,0,0,0,0,0,0,0,0,5,0,0,0,5,0,0,0,0,0,0,0,0,0,0,0,0,0,0,0
Sulfolobus acidocaldarius,0,0,0,0,0,0,0,0,0,0,0,0,5,0,0,0,0,0,0,0,0,0,0,0,0,0,0,0,0,0,0,0,0,0,0,0,0,0,5
Vulcanisaeta moutnovskia,0,0,0,0,0,0,0,0,0,0,0,0,0,0,0,0,0,0,0,0,0,0,0,0,0,0,0,0,0,0,0,0,5,0,0,0,0,5,0
Pyrobaculum ferrireducens,0,0,0,0,0,0,0,0,0,0,0,0,0,0,0,0,0,0,0,0,0,0,0,5,0,0,0,0,0,0,5,0,0,0,0,0,0,0,0
Thermoproteus uzoniensis,0,0,0,0,0,0,0,0,0,0,0,0,5,0,0,0,0,0,0,0,0,0,0,0,0,0,0,0,0,0,0,0,5,0,0,0,0,0,0
Thermoproteus tenax,0,0,0,0,0,0,0,0,0,0,0,0,0,0,5,0,0,0,0,5,0,0,0,0,0,0,0,0,0,0,0,0,0,0,0,0,0,0,0
Methanomethylovorans hollandica,0,0,0,0,0,0,0,0,0,0,0,0,0,0,0,0,0,0,0,0,0,0,0,0,0,5,0,0,0,0,0,0,5,0,0,0,0,0,0
Methanohalobium evestigatum,0,0,0,0,0,0,0,10,0,0,0,0,0,0,0,0,0,0,0,0,0,0,0,0,0,0,0,0,0,0,0,0,0,0,0,0,0,0,0
Methanocorpusculum labreanum,0,0,5,0,0,0,0,0,0,0,0,0,0,0,0,0,0,0,0,0,0,0,0,0,0,0,0,0,0,0,0,0,5,0,0,0,0,0,0
Methanoplanus endosymbiosus,0,0,0,0,0,0,0,0,0,0,0,0,0,0,0,0,0,0,0,5,0,0,0,0,0,0,0,0,0,0,0,0,5,0,0,0,0,0,0
Haloquadratum walsbyi,0,0,0,0,0,0,0,0,0,0,5,0,0,0,0,0,0,0,0,0,0,0,0,0,0,0,0,0,0,0,5,0,0,0,0,0,0,0,0
Haloferax volcanii,0,0,0,0,0,0,0,0,0,0,0,0,0,0,0,0,0,0,0,5,0,0,0,0,0,0,0,0,0,0,0,0,0,0,0,0,5,0,0
Halorhabdus sp. SVX81,0,5,0,0,0,0,0,0,5,0,0,0,0,0,0,0,0,0,0,0,0,0,0,0,0,0,0,0,0,0,0,0,0,0,0,0,0,0,0
Halorhabdus tiamatea,0,0,0,0,0,0,0,0,0,5,0,0,0,0,0,0,0,0,0,0,0,0,5,0,0,0,0,0,0,0,0,0,0,0,0,0,0,0,0
Haloarcula marismortui,0,0,0,0,0,5,0,0,0,0,0,0,0,0,0,0,0,0,0,0,0,0,0,0,0,0,0,0,0,0,0,0,5,0,0,0,0,0,0
Halorussus pelagicus,0,0,0,0,0,0,0,0,0,0,5,0,0,0,0,0,0,0,0,0,0,0,0,0,0,0,0,0,0,0,0,0,5,0,0,0,0,0,0
Halobacterium sp. GSL-19,0,0,0,0,0,0,0,0,0,0,0,0,0,0,0,0,0,0,0,0,0,5,0,0,0,0,0,0,0,0,0,0,0,0,0,0,0,5,0
Methanopyrus kandleri,0,0,0,0,0,0,0,0,0,0,0,0,0,0,0,0,0,0,0,0,0,0,0,0,0,0,0,0,0,0,0,0,0,0,0,5,0,5,0
Methanococcus maripaludis,0,0,0,0,0,0,0,0,0,0,5,0,5,0,0,0,0,0,0,0,0,0,0,0,0,0,0,0,0,0,0,0,0,0,0,0,0,0,0
Methanobacterium paludis,0,0,0,0,0,0,0,0,5,0,0,0,0,0,0,0,0,0,0,0,0,0,0,0,0,0,0,0,0,0,0,0,0,5,0,0,0,0,0
Thermococcus profundus,0,0,0,0,0,0,0,0,0,0,0,0,0,0,0,0,0,0,0,0,0,5,0,0,0,0,0,0,0,0,0,0,5,0,0,0,0,0,0
Thermococcus barophilus,0,0,0,0,0,0,0,0,0,0,0,0,0,0,0,0,0,0,0,5,0,0,0,5,0,0,0,0,0,0,0,0,0,0,0,0,0,0,0
Thermococcus paralvinellae,0,0,0,0,0,0,0,0,0,0,0,0,0,0,0,0,0,0,0,0,0,0,0,0,0,0,0,0,0,0,0,0,0,0,0,0,0,5,5
Thermococcus eurythermalis,0,0,5,0,0,0,0,0,0,0,0,0,0,0,0,0,0,0,0,0,0,0,0,0,0,0,0,0,0,0,0,0,0,0,0,0,0,5,0
Thermococcus sp. 5-4,0,0,0,0,0,0,0,0,0,0,0,0,0,0,0,0,0,10,0,0,0,0,0,0,0,0,0,0,0,0,0,0,0,0,0,0,0,0,0
Thermococcus sp. 2319x1,0,0,0,0,0,0,0,0,0,0,0,0,0,0,0,0,0,0,0,0,0,0,0,0,0,0,0,0,0,0,0,0,5,0,0,0,0,0,5
Pyrococcus horikoshii,0,0,0,0,0,0,0,10,0,0,0,0,0,0,0,0,0,0,0,0,0,0,0,0,0,0,0,0,0,0,0,0,0,0,0,0,0,0,0
Candidatus Methanoplasma termitum,0,0,0,0,0,0,0,0,0,0,0,0,0,0,5,0,0,0,0,0,0,0,0,0,0,0,0,0,0,0,0,0,0,0,0,0,0,0,0
Candidatus Methanomassiliicoccus intestinalis,0,0,0,0,0,0,0,0,0,0,0,0,0,0,0,0,0,0,0,0,0,0,0,0,0,0,0,0,0,0,0,0,5,0,0,0,0,0,0
Thermoplasma acidophilum,0,0,0,0,0,0,0,0,0,0,0,0,0,0,0,0,0,0,0,0,0,0,0,0,0,5,0,0,0,0,0,0,0,0,0,0,0,0,0
Infirmifilum lucidum,0,0,0,0,0,0,0,0,0,0,0,0,0,0,0,0,0,0,0,0,0,0,0,0,0,0,0,0,0,0,0,0,5,0,0,0,0,0,0
Caldisphaera lagunensis,0,0,0,0,0,0,0,0,0,0,0,0,0,0,0,0,0,0,0,0,0,0,0,0,0,0,0,0,0,0,0,0,5,0,0,0,0,0,0
Thermogladius calderae,0,0,0,0,0,0,0,0,0,0,0,0,0,0,0,0,0,0,0,0,0,0,0,0,0,0,0,0,0,0,0,0,0,0,0,0,0,5,0
Aeropyrum camini,0,0,0,0,0,0,0,0,0,0,0,0,0,0,5,0,0,0,0,0,0,0,0,0,0,0,0,0,0,0,0,0,0,0,0,0,0,0,0
Ignicoccus hospitalis,0,0,0,0,0,0,0,0,0,0,0,0,0,0,0,0,0,0,0,0,0,0,0,0,0,0,0,0,0,0,0,0,5,0,0,0,0,0,0
Staphylothermus marinus,0,0,0,0,0,0,0,0,0,0,0,0,0,0,0,0,0,0,0,0,0,0,0,0,0,0,0,0,5,0,0,0,0,0,0,0,0,0,0
Desulfurococcus mucosus,0,0,0,0,0,0,0,0,0,0,0,0,0,0,0,0,0,0,0,0,0,0,0,0,0,0,0,0,0,0,5,0,0,0,0,0,0,0,0
Acidianus brierleyi,0,0,0,0,0,0,0,0,0,0,0,0,0,0,0,0,0,0,0,0,0,0,0,0,0,0,0,0,0,0,0,0,0,0,0,0,0,0,5
Pyrobaculum calidifontis,0,0,0,0,0,0,0,0,0,0,0,0,0,0,0,0,0,0,0,0,0,0,5,0,0,0,0,0,0,0,0,0,0,0,0,0,0,0,0
Pyrobaculum aerophilum,0,0,0,0,0,0,0,0,0,0,0,0,0,0,0,0,0,0,0,0,0,0,0,0,0,0,0,0,0,0,0,0,0,0,0,0,0,5,0
Pyrobaculum islandicum,0,0,0,0,0,0,0,0,0,0,0,0,0,0,0,0,0,0,0,0,0,0,0,0,0,0,0,0,0,0,0,0,5,0,0,0,0,0,0
Methanothrix thermoacetophila,0,0,0,0,0,0,0,0,0,0,0,0,0,0,0,0,0,0,0,0,0,0,0,0,0,0,0,0,0,0,0,0,0,0,0,0,0,5,0
Methanothrix soehngenii,0,0,0,0,0,0,0,0,0,0,0,0,0,0,5,0,0,0,0,0,0,0,0,0,0,0,0,0,0,0,0,0,0,0,0,0,0,0,0
Methanocella conradii,0,0,0,0,0,0,0,0,0,0,0,0,0,0,5,0,0,0,0,0,0,0,0,0,0,0,0,0,0,0,0,0,0,0,0,0,0,0,0
Methanococcoides methylutens,0,0,0,0,0,5,0,0,0,0,0,0,0,0,0,0,0,0,0,0,0,0,0,0,0,0,0,0,0,0,0,0,0,0,0,0,0,0,0
Methanosarcina flavescens,0,0,0,5,0,0,0,0,0,0,0,0,0,0,0,0,0,0,0,0,0,0,0,0,0,0,0,0,0,0,0,0,0,0,0,0,0,0,0
Methanosarcina horonobensis,0,0,0,0,0,0,0,0,0,0,0,0,0,0,0,0,0,0,0,0,0,0,0,0,0,0,0,0,0,0,5,0,0,0,0,0,0,0,0
Methanosarcina siciliae,0,0,0,0,0,0,0,0,0,0,0,0,5,0,0,0,0,0,0,0,0,0,0,0,0,0,0,0,0,0,0,0,0,0,0,0,0,0,0
Methanoregula formicica,0,0,0,0,0,0,0,0,0,0,0,0,0,0,5,0,0,0,0,0,0,0,0,0,0,0,0,0,0,0,0,0,0,0,0,0,0,0,0
Methanogenium organophilum,0,0,0,0,0,0,0,0,0,0,0,0,0,0,0,0,0,0,0,0,0,0,0,0,0,0,0,0,0,0,0,0,0,0,0,0,5,0,0
Haloferax lucentense,0,0,0,0,0,0,0,0,0,0,0,0,0,0,0,0,0,0,0,0,0,0,5,0,0,0,0,0,0,0,0,0,0,0,0,0,0,0,0
Halorhabdus utahensis,0,0,0,0,0,0,0,0,0,0,0,0,0,0,0,0,0,0,0,0,0,0,0,0,0,0,0,5,0,0,0,0,0,0,0,0,0,0,0
Haloarcula sp. CBA1115,0,0,0,0,0,0,0,0,0,0,0,0,0,0,0,0,0,0,0,5,0,0,0,0,0,0,0,0,0,0,0,0,0,0,0,0,0,0,0
Haloarcula taiwanensis,0,0,0,0,0,0,0,0,0,0,0,0,0,0,0,0,0,0,0,0,0,0,0,0,0,0,0,0,0,0,0,0,5,0,0,0,0,0,0
Haloarcula hispanica,0,0,0,0,0,0,0,0,0,0,0,0,0,0,0,0,0,0,0,0,0,0,0,0,0,0,0,0,0,0,5,0,0,0,0,0,0,0,0
Halocatena marina,0,0,0,0,0,0,0,0,0,0,0,0,0,0,0,0,0,0,0,0,0,0,0,5,0,0,0,0,0,0,0,0,0,0,0,0,0,0,0
Haladaptatus sp. QDMS2,0,0,0,0,0,0,0,0,0,0,0,0,0,0,0,0,0,0,0,0,0,0,0,0,0,0,0,0,5,0,0,0,0,0,0,0,0,0,0
Haladaptatus sp. DYSN1,0,0,0,0,0,0,0,0,0,0,0,0,0,0,0,0,0,0,0,0,0,5,0,0,0,0,0,0,0,0,0,0,0,0,0,0,0,0,0
Methanocaldococcus lauensis,0,0,0,0,0,0,0,0,5,0,0,0,0,0,0,0,0,0,0,0,0,0,0,0,0,0,0,0,0,0,0,0,0,0,0,0,0,0,0
Methanothermococcus thermolithotrophicus,0,0,0,0,0,0,0,0,0,0,0,0,0,0,5,0,0,0,0,0,0,0,0,0,0,0,0,0,0,0,0,0,0,0,0,0,0,0,0
Methanothermobacter sp. KEPCO-1,0,0,0,0,0,0,0,0,0,0,0,0,0,0,0,0,0,0,0,0,0,0,0,0,0,0,0,0,0,0,0,0,0,0,0,0,0,0,5
Methanobacterium subterraneum,0,0,0,0,0,0,0,0,5,0,0,0,0,0,0,0,0,0,0,0,0,0,0,0,0,0,0,0,0,0,0,0,0,0,0,0,0,0,0
Ferroglobus placidus,0,0,0,0,0,0,0,0,0,0,0,0,0,0,0,0,0,0,0,0,0,0,0,0,0,0,0,0,0,0,0,0,5,0,0,0,0,0,0
Archaeoglobus veneficus,0,0,0,0,0,0,0,0,0,0,0,0,0,0,0,0,0,0,0,0,0,0,0,0,0,0,0,0,0,0,0,0,0,0,0,0,0,0,5
Thermococcus siculi,0,0,0,0,0,0,0,0,0,0,0,0,0,0,0,0,0,0,0,0,0,5,0,0,0,0,0,0,0,0,0,0,0,0,0,0,0,0,0
Thermococcus nautili,0,0,0,0,0,0,0,0,0,0,0,0,0,0,0,0,0,0,0,0,0,0,0,0,0,0,0,0,0,0,0,0,0,5,0,0,0,0,0
Thermococcus henrietii,0,0,0,0,0,0,0,0,0,0,0,0,0,0,0,0,0,0,0,0,0,0,0,5,0,0,0,0,0,0,0,0,0,0,0,0,0,0,0
Thermococcus camini,0,0,0,0,0,0,0,0,0,0,0,0,0,0,0,0,0,0,0,0,0,0,0,0,0,0,0,0,0,0,0,0,0,0,0,0,0,0,5
Thermococcus sp. 4557,0,0,0,0,0,0,0,0,0,0,0,0,0,0,0,0,0,0,0,0,0,0,0,0,0,0,5,0,0,0,0,0,0,0,0,0,0,0,0
Thermococcus sp. P6,0,0,0,0,0,0,0,0,0,0,0,0,0,0,0,0,0,0,0,0,0,0,0,0,0,0,0,0,0,0,0,0,5,0,0,0,0,0,0
Pyrococcus kukulkanii,0,0,0,0,0,0,0,0,0,0,0,0,0,0,0,0,0,0,0,0,0,0,0,0,0,0,0,0,0,0,0,0,0,0,0,5,0,0,0
Pyrococcus furiosus,0,0,0,0,0,0,0,0,0,0,0,0,0,0,0,0,0,0,0,0,0,0,0,0,0,0,0,0,0,0,0,0,0,0,0,0,0,0,5
Candidatus Nitrosotalea okcheonensis,0,0,0,0,0,5,0,25,30,0,25,0,10,0,10,0,0,0,0,98,0,10,0,30,30,0,0,0,0,5,25,79,10,0,0,0,0,25,5
Salinirubellus sp. BND22,0,5,5,0,0,5,0,10,5,0,10,0,0,0,0,5,5,0,10,0,0,0,15,5,0,5,5,0,0,0,5,0,5,5,0,5,10,5,5
Salinirubellus salinus,0,0,0,0,0,5,0,0,0,0,0,0,0,0,5,5,5,0,0,0,0,0,5,5,0,5,0,5,0,0,0,0,0,0,0,0,15,5,5
Candidatus Nitrosotenuis aquarius,0,0,0,0,0,0,0,10,15,0,0,0,10,0,5,0,0,0,0,0,0,0,0,0,0,0,0,0,0,0,0,5,0,0,0,0,0,0,0
Candidatus Nitrosopelagicus brevis,0,0,0,0,0,5,0,15,5,0,0,0,0,0,5,0,0,0,0,0,0,0,0,0,0,0,0,0,0,0,0,5,0,0,0,0,0,5,0
Candidatus Nitrosotenuis cloacae,0,0,0,0,0,0,0,0,0,0,0,0,0,0,0,0,0,0,0,10,0,0,0,0,0,0,0,0,0,0,0,10,5,0,0,0,0,0,0
Candidatus Nitrosotenuis sp. DW1,0,0,0,5,0,0,0,0,5,0,0,0,0,0,0,0,0,0,0,0,0,0,0,5,0,0,0,0,0,0,0,5,0,0,0,0,0,0,0
Candidatus Aciduliprofundum boonei,0,0,0,0,0,0,0,0,0,0,0,0,0,0,0,0,0,0,0,0,0,0,0,0,0,0,0,0,0,0,5,0,5,0,0,0,0,0,0
